<?xml version="1.0" encoding="UTF-8" standalone="yes"?>
<mission missiontype="11" startyear="2018" platform="9553" missionnumber="2" xmlns="http://www.imr.no/formats/nmdbiotic/v3">
    <missiontypename>Prøvebåt</missiontypename>
    <callsignal>LNXR</callsignal>
    <platformname>Falkungen</platformname>
    <missionstartdate>2018-04-04Z</missionstartdate>
    <missionstopdate>2018-05-02Z</missionstopdate>
    <fishstation serialnumber="99483">
        <nation>58</nation>
        <catchplatform>9657</catchplatform>
        <station>1</station>
        <stationstopdate>2018-04-04Z</stationstopdate>
        <stationstoptime>21:32:52</stationstoptime>
        <latitudestart>65.78666666666666</latitudestart>
        <longitudestart>12.383333333333333</longitudestart>
        <system>2</system>
        <area>6</area>
        <location>35</location>
        <bottomdepthstart>55.0</bottomdepthstart>
        <bottomdepthstop>90.0</bottomdepthstop>
        <fishingdepthmax>90.0</fishingdepthmax>
        <fishingdepthmin>55.0</fishingdepthmin>
        <gear>4114</gear>
        <gearcount>40</gearcount>
        <gearcondition>1</gearcondition>
        <samplequality>8</samplequality>
        <soaktime>24.0</soaktime>
        <stationcomment>Leveringssted: Dønna</stationcomment>
        <catchsample catchsampleid="1">
            <commonname>torsk</commonname>
            <catchcategory>164712</catchcategory>
            <catchpartnumber>1</catchpartnumber>
            <aphia>126436</aphia>
            <sampletype>30</sampletype>
            <group>26</group>
            <conservation>1</conservation>
            <catchproducttype>3</catchproducttype>
            <catchweight>1162.0</catchweight>
            <sampleproducttype>1</sampleproducttype>
            <lengthmeasurement>D</lengthmeasurement>
            <lengthsamplecount>15</lengthsamplecount>
            <specimensamplecount>15</specimensamplecount>
            <agingstructure>2</agingstructure>
            <individual specimenid="1">
                <individualproducttype>4</individualproducttype>
                <lengthresolution>3</lengthresolution>
                <length>0.26</length>
                <preferredagereading>1</preferredagereading>
                <agedetermination agedeterminationid="1">
                    <age>9</age>
                    <spawningage>9</spawningage>
                    <spawningzones>0</spawningzones>
                    <readability>1</readability>
                    <otolithtype>1</otolithtype>
                    <otolithedge>4</otolithedge>
                </agedetermination>
            </individual>
            <individual specimenid="2">
                <lengthresolution>3</lengthresolution>
                <length>0.28</length>
                <preferredagereading>1</preferredagereading>
                <agedetermination agedeterminationid="1">
                    <age>10</age>
                    <spawningage>9</spawningage>
                    <spawningzones>1</spawningzones>
                    <readability>5</readability>
                    <otolithtype>1</otolithtype>
                    <otolithedge>4</otolithedge>
                </agedetermination>
            </individual>
            <individual specimenid="3">
                <lengthresolution>3</lengthresolution>
                <length>0.22</length>
                <preferredagereading>1</preferredagereading>
                <agedetermination agedeterminationid="1">
                    <age>7</age>
                    <spawningage>6</spawningage>
                    <spawningzones>1</spawningzones>
                    <readability>1</readability>
                    <otolithtype>1</otolithtype>
                    <otolithedge>4</otolithedge>
                </agedetermination>
            </individual>
            <individual specimenid="4">
                <lengthresolution>3</lengthresolution>
                <length>0.27</length>
                <preferredagereading>1</preferredagereading>
                <agedetermination agedeterminationid="1">
                    <age>9</age>
                    <spawningage>6</spawningage>
                    <spawningzones>3</spawningzones>
                    <readability>1</readability>
                    <otolithtype>1</otolithtype>
                    <otolithedge>4</otolithedge>
                </agedetermination>
            </individual>
            <individual specimenid="5">
                <lengthresolution>3</lengthresolution>
                <length>0.25</length>
                <preferredagereading>1</preferredagereading>
                <agedetermination agedeterminationid="1">
                    <age>7</age>
                    <spawningage>6</spawningage>
                    <spawningzones>1</spawningzones>
                    <readability>1</readability>
                    <otolithtype>1</otolithtype>
                    <otolithedge>4</otolithedge>
                </agedetermination>
            </individual>
            <individual specimenid="6">
                <lengthresolution>3</lengthresolution>
                <length>0.28</length>
                <preferredagereading>1</preferredagereading>
                <agedetermination agedeterminationid="1">
                    <age>8</age>
                    <spawningage>6</spawningage>
                    <spawningzones>2</spawningzones>
                    <readability>1</readability>
                    <otolithtype>1</otolithtype>
                    <otolithedge>4</otolithedge>
                </agedetermination>
            </individual>
            <individual specimenid="7">
                <lengthresolution>3</lengthresolution>
                <length>0.22</length>
                <preferredagereading>1</preferredagereading>
                <agedetermination agedeterminationid="1">
                    <age>8</age>
                    <spawningage>6</spawningage>
                    <spawningzones>2</spawningzones>
                    <readability>1</readability>
                    <otolithtype>1</otolithtype>
                    <otolithedge>4</otolithedge>
                </agedetermination>
            </individual>
            <individual specimenid="8">
                <lengthresolution>3</lengthresolution>
                <length>0.27</length>
                <preferredagereading>1</preferredagereading>
                <agedetermination agedeterminationid="1">
                    <age>9</age>
                    <spawningage>9</spawningage>
                    <spawningzones>0</spawningzones>
                    <readability>1</readability>
                    <otolithtype>1</otolithtype>
                    <otolithedge>4</otolithedge>
                </agedetermination>
            </individual>
            <individual specimenid="9">
                <lengthresolution>3</lengthresolution>
                <length>0.28</length>
                <preferredagereading>1</preferredagereading>
                <agedetermination agedeterminationid="1">
                    <age>9</age>
                    <spawningage>8</spawningage>
                    <spawningzones>1</spawningzones>
                    <readability>1</readability>
                    <otolithtype>5</otolithtype>
                    <otolithedge>4</otolithedge>
                </agedetermination>
            </individual>
            <individual specimenid="10">
                <lengthresolution>3</lengthresolution>
                <length>0.21</length>
                <preferredagereading>1</preferredagereading>
                <agedetermination agedeterminationid="1">
                    <age>7</age>
                    <spawningage>6</spawningage>
                    <spawningzones>1</spawningzones>
                    <readability>1</readability>
                    <otolithtype>1</otolithtype>
                    <otolithedge>4</otolithedge>
                </agedetermination>
            </individual>
            <individual specimenid="11">
                <lengthresolution>3</lengthresolution>
                <length>0.29</length>
                <preferredagereading>1</preferredagereading>
                <agedetermination agedeterminationid="1">
                    <age>8</age>
                    <readability>1</readability>
                    <otolithtype>1</otolithtype>
                    <otolithedge>4</otolithedge>
                </agedetermination>
            </individual>
            <individual specimenid="12">
                <lengthresolution>3</lengthresolution>
                <length>0.26</length>
                <preferredagereading>1</preferredagereading>
                <agedetermination agedeterminationid="1">
                    <age>8</age>
                    <spawningage>8</spawningage>
                    <spawningzones>0</spawningzones>
                    <readability>1</readability>
                    <otolithtype>1</otolithtype>
                    <otolithedge>4</otolithedge>
                </agedetermination>
            </individual>
            <individual specimenid="13">
                <lengthresolution>3</lengthresolution>
                <length>0.24</length>
                <preferredagereading>1</preferredagereading>
                <agedetermination agedeterminationid="1">
                    <age>8</age>
                    <spawningage>8</spawningage>
                    <spawningzones>0</spawningzones>
                    <readability>1</readability>
                    <otolithtype>1</otolithtype>
                    <otolithedge>4</otolithedge>
                </agedetermination>
            </individual>
            <individual specimenid="14">
                <lengthresolution>3</lengthresolution>
                <length>0.24</length>
                <preferredagereading>1</preferredagereading>
                <agedetermination agedeterminationid="1">
                    <age>10</age>
                    <spawningage>7</spawningage>
                    <spawningzones>3</spawningzones>
                    <readability>1</readability>
                    <otolithtype>1</otolithtype>
                    <otolithedge>4</otolithedge>
                </agedetermination>
            </individual>
            <individual specimenid="15">
                <lengthresolution>3</lengthresolution>
                <length>0.25</length>
                <preferredagereading>1</preferredagereading>
                <agedetermination agedeterminationid="1">
                    <age>10</age>
                    <spawningage>8</spawningage>
                    <spawningzones>2</spawningzones>
                    <readability>1</readability>
                    <otolithtype>1</otolithtype>
                    <otolithedge>4</otolithedge>
                </agedetermination>
            </individual>
        </catchsample>
        <catchsample catchsampleid="2">
            <commonname>sei</commonname>
            <catchcategory>164727</catchcategory>
            <catchpartnumber>1</catchpartnumber>
            <aphia>126441</aphia>
            <group>26</group>
            <conservation>1</conservation>
            <catchproducttype>1</catchproducttype>
            <catchweight>105.0</catchweight>
            <individual specimenid="1">
			<individualweight>105.0</individualweight>
                <individualproducttype>4</individualproducttype>
                <lengthresolution>3</lengthresolution>
                <length>4</length>
            </individual>
        </catchsample>
        <catchsample catchsampleid="3">
            <commonname>hyse</commonname>
            <catchcategory>164744</catchcategory>
            <catchpartnumber>1</catchpartnumber>
            <aphia>126437</aphia>
            <group>26</group>
            <conservation>1</conservation>
            <catchproducttype>1</catchproducttype>
            <catchweight>50.0</catchweight>
        </catchsample>
        <catchsample catchsampleid="4">
            <commonname>lange</commonname>
            <catchcategory>164760</catchcategory>
            <catchpartnumber>1</catchpartnumber>
            <aphia>126461</aphia>
            <group>26</group>
            <conservation>1</conservation>
            <catchproducttype>3</catchproducttype>
            <catchweight>28.0</catchweight>
        </catchsample>
        <catchsample catchsampleid="5">
            <commonname>lysing</commonname>
            <catchcategory>164795</catchcategory>
            <catchpartnumber>1</catchpartnumber>
            <aphia>126484</aphia>
            <group>26</group>
            <conservation>1</conservation>
            <catchproducttype>4</catchproducttype>
            <catchweight>3.0</catchweight>
        </catchsample>
        <catchsample catchsampleid="6">
            <commonname>gråsteinbit</commonname>
            <catchcategory>171341</catchcategory>
            <catchpartnumber>1</catchpartnumber>
            <aphia>126758</aphia>
            <group>26</group>
            <conservation>1</conservation>
            <catchproducttype>3</catchproducttype>
            <catchweight>3.0</catchweight>
        </catchsample>
        <catchsample catchsampleid="7">
            <commonname>kveite</commonname>
            <catchcategory>172933</catchcategory>
            <catchpartnumber>1</catchpartnumber>
            <aphia>127138</aphia>
            <group>26</group>
            <conservation>1</conservation>
            <catchproducttype>3</catchproducttype>
            <catchweight>10.0</catchweight>
        </catchsample>
    </fishstation>
    <fishstation serialnumber="99484">
        <nation>58</nation>
        <catchplatform>9658</catchplatform>
        <station>2</station>
        <stationstopdate>2018-04-04Z</stationstopdate>
        <latitudestart>66.1</latitudestart>
        <longitudestart>11.733333333333333</longitudestart>
        <system>2</system>
        <area>6</area>
        <location>27</location>
        <bottomdepthstart>140.0</bottomdepthstart>
        <bottomdepthstop>160.0</bottomdepthstop>
        <fishingdepthmax>160.0</fishingdepthmax>
        <fishingdepthmin>140.0</fishingdepthmin>
        <gear>4114</gear>
        <gearcount>80</gearcount>
        <gearcondition>1</gearcondition>
        <samplequality>8</samplequality>
        <soaktime>24.0</soaktime>
        <stationcomment>Leveringssted: Dønna</stationcomment>
        <catchsample catchsampleid="1">
            <commonname>breiflabb</commonname>
            <catchcategory>164501</catchcategory>
            <catchpartnumber>1</catchpartnumber>
            <aphia>126555</aphia>
            <group>26</group>
            <conservation>1</conservation>
            <catchproducttype>3</catchproducttype>
            <catchweight>3.0</catchweight>
        </catchsample>
        <catchsample catchsampleid="2">
            <commonname>torsk</commonname>
            <catchcategory>164712</catchcategory>
            <catchpartnumber>1</catchpartnumber>
            <aphia>126436</aphia>
            <sampletype>23</sampletype>
            <group>26</group>
            <conservation>1</conservation>
            <catchproducttype>1</catchproducttype>
            <catchweight>686.0</catchweight>
            <catchcount>113</catchcount>
            <sampleproducttype>4</sampleproducttype>
            <lengthmeasurement>E</lengthmeasurement>
            <lengthsampleweight>182.324</lengthsampleweight>
            <lengthsamplecount>30</lengthsamplecount>
            <specimensamplecount>30</specimensamplecount>
            <agingstructure>2</agingstructure>
            <individual specimenid="1">
                <individualproducttype>1</individualproducttype>
                <individualweight>5.79</individualweight>
                <lengthresolution>3</lengthresolution>
                <length>0.81</length>
                <sex>1</sex>
                <maturationstage>4</maturationstage>
                <preferredagereading>1</preferredagereading>
                <agedetermination agedeterminationid="1">
                    <age>5</age>
                    <spawningage>4</spawningage>
                    <spawningzones>1</spawningzones>
                    <readability>5</readability>
                    <otolithtype>1</otolithtype>
                    <otolithedge>4</otolithedge>
                </agedetermination>
            </individual>
            <individual specimenid="2">
                <individualproducttype>1</individualproducttype>
                <individualweight>4.449</individualweight>
                <lengthresolution>3</lengthresolution>
                <length>0.72</length>
                <sex>2</sex>
                <maturationstage>3</maturationstage>
                <preferredagereading>1</preferredagereading>
                <agedetermination agedeterminationid="1">
                    <age>6</age>
                    <spawningage>4</spawningage>
                    <spawningzones>2</spawningzones>
                    <readability>1</readability>
                    <otolithtype>1</otolithtype>
                    <otolithedge>4</otolithedge>
                </agedetermination>
            </individual>
            <individual specimenid="3">
                <individualproducttype>1</individualproducttype>
                <individualweight>3.37</individualweight>
                <lengthresolution>3</lengthresolution>
                <length>0.68</length>
                <sex>2</sex>
                <maturationstage>1</maturationstage>
                <preferredagereading>1</preferredagereading>
                <agedetermination agedeterminationid="1">
                    <age>5</age>
                    <readability>1</readability>
                    <otolithtype>1</otolithtype>
                    <otolithedge>4</otolithedge>
                </agedetermination>
            </individual>
            <individual specimenid="4">
                <individualproducttype>1</individualproducttype>
                <individualweight>2.87</individualweight>
                <lengthresolution>3</lengthresolution>
                <length>0.63</length>
                <sex>1</sex>
                <maturationstage>4</maturationstage>
                <preferredagereading>1</preferredagereading>
                <agedetermination agedeterminationid="1">
                    <age>4</age>
                    <spawningage>4</spawningage>
                    <spawningzones>0</spawningzones>
                    <readability>1</readability>
                    <otolithtype>1</otolithtype>
                    <otolithedge>4</otolithedge>
                </agedetermination>
            </individual>
            <individual specimenid="5">
                <individualproducttype>1</individualproducttype>
                <individualweight>8.9</individualweight>
                <lengthresolution>3</lengthresolution>
                <length>0.96</length>
                <sex>1</sex>
                <maturationstage>3</maturationstage>
                <preferredagereading>1</preferredagereading>
                <agedetermination agedeterminationid="1">
                    <age>9</age>
                    <spawningage>8</spawningage>
                    <spawningzones>1</spawningzones>
                    <readability>1</readability>
                    <otolithtype>4</otolithtype>
                    <otolithedge>4</otolithedge>
                </agedetermination>
            </individual>
            <individual specimenid="6">
                <individualproducttype>1</individualproducttype>
                <individualweight>7.57</individualweight>
                <lengthresolution>3</lengthresolution>
                <length>0.96</length>
                <sex>1</sex>
                <maturationstage>3</maturationstage>
                <preferredagereading>1</preferredagereading>
                <agedetermination agedeterminationid="1">
                    <age>12</age>
                    <spawningage>9</spawningage>
                    <spawningzones>3</spawningzones>
                    <readability>1</readability>
                    <otolithtype>4</otolithtype>
                    <otolithedge>4</otolithedge>
                </agedetermination>
            </individual>
            <individual specimenid="7">
                <individualproducttype>1</individualproducttype>
                <individualweight>9.24</individualweight>
                <lengthresolution>3</lengthresolution>
                <length>0.93</length>
                <sex>2</sex>
                <maturationstage>3</maturationstage>
            </individual>
            <individual specimenid="8">
                <individualproducttype>1</individualproducttype>
                <individualweight>4.35</individualweight>
                <lengthresolution>3</lengthresolution>
                <length>0.71</length>
                <sex>1</sex>
                <maturationstage>3</maturationstage>
            </individual>
            <individual specimenid="9">
                <individualproducttype>1</individualproducttype>
                <individualweight>5.32</individualweight>
                <lengthresolution>3</lengthresolution>
                <length>0.85</length>
                <sex>2</sex>
                <maturationstage>4</maturationstage>
            </individual>
            <individual specimenid="10">
                <individualproducttype>1</individualproducttype>
                <individualweight>5.515</individualweight>
                <lengthresolution>3</lengthresolution>
                <length>0.73</length>
                <sex>1</sex>
                <maturationstage>3</maturationstage>
                <preferredagereading>1</preferredagereading>
                <agedetermination agedeterminationid="1">
                    <age>6</age>
                    <spawningage>5</spawningage>
                    <spawningzones>1</spawningzones>
                    <readability>1</readability>
                    <otolithtype>1</otolithtype>
                    <otolithedge>4</otolithedge>
                </agedetermination>
            </individual>
            <individual specimenid="11">
                <individualproducttype>1</individualproducttype>
                <individualweight>4.1</individualweight>
                <lengthresolution>3</lengthresolution>
                <length>0.7</length>
                <sex>2</sex>
                <maturationstage>3</maturationstage>
                <preferredagereading>1</preferredagereading>
                <agedetermination agedeterminationid="1">
                    <age>6</age>
                    <spawningage>5</spawningage>
                    <spawningzones>1</spawningzones>
                    <readability>1</readability>
                    <otolithtype>1</otolithtype>
                    <otolithedge>4</otolithedge>
                </agedetermination>
            </individual>
            <individual specimenid="12">
                <individualproducttype>1</individualproducttype>
                <individualweight>5.06</individualweight>
                <lengthresolution>3</lengthresolution>
                <length>0.73</length>
                <sex>2</sex>
                <maturationstage>3</maturationstage>
            </individual>
            <individual specimenid="13">
                <individualproducttype>1</individualproducttype>
                <individualweight>12.05</individualweight>
                <lengthresolution>3</lengthresolution>
                <length>0.97</length>
                <sex>1</sex>
                <maturationstage>2</maturationstage>
                <preferredagereading>1</preferredagereading>
                <agedetermination agedeterminationid="1">
                    <age>9</age>
                    <spawningage>7</spawningage>
                    <spawningzones>2</spawningzones>
                    <readability>1</readability>
                    <otolithtype>1</otolithtype>
                    <otolithedge>4</otolithedge>
                </agedetermination>
            </individual>
            <individual specimenid="14">
                <individualproducttype>1</individualproducttype>
                <individualweight>5.99</individualweight>
                <lengthresolution>3</lengthresolution>
                <length>0.77</length>
                <sex>2</sex>
                <maturationstage>3</maturationstage>
                <preferredagereading>1</preferredagereading>
                <agedetermination agedeterminationid="1">
                    <age>6</age>
                    <spawningage>5</spawningage>
                    <spawningzones>1</spawningzones>
                    <readability>1</readability>
                    <otolithtype>1</otolithtype>
                    <otolithedge>4</otolithedge>
                </agedetermination>
            </individual>
            <individual specimenid="15">
                <individualproducttype>1</individualproducttype>
                <individualweight>5.54</individualweight>
                <lengthresolution>3</lengthresolution>
                <length>0.79</length>
                <sex>2</sex>
                <maturationstage>3</maturationstage>
            </individual>
            <individual specimenid="16">
                <individualproducttype>1</individualproducttype>
                <individualweight>9.46</individualweight>
                <lengthresolution>3</lengthresolution>
                <length>0.95</length>
                <sex>2</sex>
                <maturationstage>3</maturationstage>
            </individual>
            <individual specimenid="17">
                <individualproducttype>1</individualproducttype>
                <individualweight>5.53</individualweight>
                <lengthresolution>3</lengthresolution>
                <length>0.88</length>
                <sex>1</sex>
                <maturationstage>3</maturationstage>
                <preferredagereading>1</preferredagereading>
                <agedetermination agedeterminationid="1">
                    <age>10</age>
                    <spawningage>8</spawningage>
                    <spawningzones>2</spawningzones>
                    <readability>1</readability>
                    <otolithtype>4</otolithtype>
                    <otolithedge>4</otolithedge>
                </agedetermination>
            </individual>
            <individual specimenid="18">
                <individualproducttype>1</individualproducttype>
                <individualweight>5.45</individualweight>
                <lengthresolution>3</lengthresolution>
                <length>0.84</length>
                <sex>1</sex>
                <maturationstage>3</maturationstage>
                <preferredagereading>1</preferredagereading>
                <agedetermination agedeterminationid="1">
                    <age>8</age>
                    <spawningage>8</spawningage>
                    <spawningzones>0</spawningzones>
                    <readability>1</readability>
                    <otolithtype>2</otolithtype>
                    <otolithedge>4</otolithedge>
                </agedetermination>
            </individual>
            <individual specimenid="19">
                <individualproducttype>1</individualproducttype>
                <individualweight>5.76</individualweight>
                <lengthresolution>3</lengthresolution>
                <length>0.81</length>
                <sex>2</sex>
                <maturationstage>2</maturationstage>
                <preferredagereading>1</preferredagereading>
                <agedetermination agedeterminationid="1">
                    <age>7</age>
                    <spawningage>7</spawningage>
                    <spawningzones>0</spawningzones>
                    <readability>1</readability>
                    <otolithtype>5</otolithtype>
                    <otolithedge>4</otolithedge>
                </agedetermination>
            </individual>
            <individual specimenid="20">
                <individualproducttype>1</individualproducttype>
                <individualweight>4.25</individualweight>
                <lengthresolution>3</lengthresolution>
                <length>0.72</length>
                <sex>1</sex>
                <maturationstage>4</maturationstage>
                <preferredagereading>1</preferredagereading>
                <agedetermination agedeterminationid="1">
                    <age>6</age>
                    <spawningage>6</spawningage>
                    <spawningzones>0</spawningzones>
                    <readability>1</readability>
                    <otolithtype>1</otolithtype>
                    <otolithedge>4</otolithedge>
                </agedetermination>
            </individual>
            <individual specimenid="21">
                <individualproducttype>1</individualproducttype>
                <individualweight>8.14</individualweight>
                <lengthresolution>3</lengthresolution>
                <length>0.91</length>
                <sex>2</sex>
                <maturationstage>4</maturationstage>
                <preferredagereading>1</preferredagereading>
                <agedetermination agedeterminationid="1">
                    <age>8</age>
                    <spawningage>7</spawningage>
                    <spawningzones>1</spawningzones>
                    <readability>5</readability>
                    <otolithtype>2</otolithtype>
                    <otolithedge>4</otolithedge>
                </agedetermination>
            </individual>
            <individual specimenid="22">
                <individualproducttype>1</individualproducttype>
                <individualweight>3.91</individualweight>
                <lengthresolution>3</lengthresolution>
                <length>0.7</length>
                <sex>2</sex>
                <maturationstage>2</maturationstage>
            </individual>
            <individual specimenid="23">
                <individualproducttype>1</individualproducttype>
                <individualweight>5.88</individualweight>
                <lengthresolution>3</lengthresolution>
                <length>0.81</length>
                <sex>2</sex>
                <maturationstage>2</maturationstage>
            </individual>
            <individual specimenid="24">
                <individualproducttype>1</individualproducttype>
                <individualweight>9.16</individualweight>
                <lengthresolution>3</lengthresolution>
                <length>0.93</length>
                <sex>1</sex>
                <maturationstage>3</maturationstage>
                <preferredagereading>1</preferredagereading>
                <agedetermination agedeterminationid="1">
                    <age>8</age>
                    <spawningage>7</spawningage>
                    <spawningzones>1</spawningzones>
                    <readability>1</readability>
                    <otolithtype>1</otolithtype>
                    <otolithedge>4</otolithedge>
                </agedetermination>
            </individual>
            <individual specimenid="25">
                <individualproducttype>1</individualproducttype>
                <individualweight>3.86</individualweight>
                <lengthresolution>3</lengthresolution>
                <length>0.66</length>
                <sex>1</sex>
                <maturationstage>3</maturationstage>
                <preferredagereading>1</preferredagereading>
                <agedetermination agedeterminationid="1">
                    <age>4</age>
                    <spawningage>4</spawningage>
                    <spawningzones>0</spawningzones>
                    <readability>1</readability>
                    <otolithtype>1</otolithtype>
                    <otolithedge>4</otolithedge>
                </agedetermination>
            </individual>
            <individual specimenid="26">
                <individualproducttype>1</individualproducttype>
                <individualweight>9.58</individualweight>
                <lengthresolution>3</lengthresolution>
                <length>0.94</length>
                <sex>1</sex>
                <maturationstage>3</maturationstage>
            </individual>
            <individual specimenid="27">
                <individualproducttype>1</individualproducttype>
                <individualweight>4.97</individualweight>
                <lengthresolution>3</lengthresolution>
                <length>0.74</length>
                <sex>1</sex>
                <maturationstage>2</maturationstage>
                <preferredagereading>1</preferredagereading>
                <agedetermination agedeterminationid="1">
                    <age>8</age>
                    <spawningage>6</spawningage>
                    <spawningzones>2</spawningzones>
                    <readability>1</readability>
                    <otolithtype>1</otolithtype>
                    <otolithedge>4</otolithedge>
                </agedetermination>
            </individual>
            <individual specimenid="28">
                <individualproducttype>1</individualproducttype>
                <individualweight>4.13</individualweight>
                <lengthresolution>3</lengthresolution>
                <length>0.75</length>
                <sex>1</sex>
                <maturationstage>3</maturationstage>
                <preferredagereading>1</preferredagereading>
                <agedetermination agedeterminationid="1">
                    <age>12</age>
                    <spawningage>8</spawningage>
                    <spawningzones>4</spawningzones>
                    <readability>1</readability>
                    <otolithtype>1</otolithtype>
                    <otolithedge>4</otolithedge>
                </agedetermination>
            </individual>
            <individual specimenid="29">
                <individualproducttype>1</individualproducttype>
                <individualweight>5.21</individualweight>
                <lengthresolution>3</lengthresolution>
                <length>0.76</length>
                <sex>2</sex>
                <maturationstage>3</maturationstage>
            </individual>
            <individual specimenid="30">
                <individualproducttype>1</individualproducttype>
                <individualweight>6.92</individualweight>
                <lengthresolution>3</lengthresolution>
                <length>0.78</length>
                <sex>1</sex>
                <maturationstage>2</maturationstage>
                <preferredagereading>1</preferredagereading>
                <agedetermination agedeterminationid="1">
                    <age>7</age>
                    <spawningage>5</spawningage>
                    <spawningzones>2</spawningzones>
                    <readability>1</readability>
                    <otolithtype>1</otolithtype>
                    <otolithedge>4</otolithedge>
                </agedetermination>
            </individual>
        </catchsample>
        <catchsample catchsampleid="3">
            <commonname>sei</commonname>
            <catchcategory>164727</catchcategory>
            <catchpartnumber>1</catchpartnumber>
            <aphia>126441</aphia>
            <group>26</group>
            <conservation>1</conservation>
            <catchproducttype>1</catchproducttype>
            <catchweight>10.0</catchweight>
        </catchsample>
        <catchsample catchsampleid="4">
            <commonname>lyr</commonname>
            <catchcategory>164728</catchcategory>
            <catchpartnumber>1</catchpartnumber>
            <aphia>126440</aphia>
            <group>26</group>
            <conservation>1</conservation>
            <catchproducttype>3</catchproducttype>
            <catchweight>27.0</catchweight>
        </catchsample>
        <catchsample catchsampleid="5">
            <commonname>hyse</commonname>
            <catchcategory>164744</catchcategory>
            <catchpartnumber>1</catchpartnumber>
            <aphia>126437</aphia>
            <sampletype>20</sampletype>
            <group>26</group>
            <conservation>1</conservation>
            <catchproducttype>4</catchproducttype>
            <catchweight>137.0</catchweight>
            <catchcount>58</catchcount>
            <sampleproducttype>4</sampleproducttype>
            <lengthmeasurement>K</lengthmeasurement>
            <lengthsampleweight>71.26</lengthsampleweight>
            <lengthsamplecount>30</lengthsamplecount>
            <specimensamplecount>30</specimensamplecount>
            <agingstructure>2</agingstructure>
            <individual specimenid="1">
                <individualproducttype>4</individualproducttype>
                <individualweight>1.45</individualweight>
                <lengthresolution>3</lengthresolution>
                <length>0.57</length>
                <individualcomment></individualcomment>
                <preferredagereading>1</preferredagereading>
                <agedetermination agedeterminationid="1">
                    <age>5</age>
                    <readability>1</readability>
                    <otolithedge>4</otolithedge>
                </agedetermination>
            </individual>
            <individual specimenid="2">
                <individualproducttype>4</individualproducttype>
                <individualweight>1.35</individualweight>
                <lengthresolution>3</lengthresolution>
                <length>0.53</length>
                <individualcomment></individualcomment>
                <preferredagereading>1</preferredagereading>
                <agedetermination agedeterminationid="1">
                    <age>5</age>
                    <readability>1</readability>
                    <otolithedge>4</otolithedge>
                </agedetermination>
            </individual>
            <individual specimenid="3">
                <individualproducttype>4</individualproducttype>
                <individualweight>2.49</individualweight>
                <lengthresolution>3</lengthresolution>
                <length>0.64</length>
                <individualcomment></individualcomment>
                <preferredagereading>1</preferredagereading>
                <agedetermination agedeterminationid="1">
                    <age>10</age>
                    <spawningage>5</spawningage>
                    <spawningzones>5</spawningzones>
                    <readability>1</readability>
                    <otolithedge>4</otolithedge>
                </agedetermination>
            </individual>
            <individual specimenid="4">
                <individualproducttype>4</individualproducttype>
                <individualweight>2.12</individualweight>
                <lengthresolution>3</lengthresolution>
                <length>0.65</length>
                <individualcomment></individualcomment>
                <preferredagereading>1</preferredagereading>
                <agedetermination agedeterminationid="1">
                    <age>10</age>
                    <spawningage>6</spawningage>
                    <spawningzones>4</spawningzones>
                    <readability>1</readability>
                    <otolithedge>4</otolithedge>
                </agedetermination>
            </individual>
            <individual specimenid="5">
                <individualproducttype>4</individualproducttype>
                <individualweight>3.67</individualweight>
                <lengthresolution>3</lengthresolution>
                <length>0.73</length>
                <individualcomment></individualcomment>
                <preferredagereading>1</preferredagereading>
                <agedetermination agedeterminationid="1">
                    <age>11</age>
                    <spawningage>6</spawningage>
                    <spawningzones>5</spawningzones>
                    <readability>1</readability>
                    <otolithedge>4</otolithedge>
                </agedetermination>
            </individual>
            <individual specimenid="6">
                <individualproducttype>4</individualproducttype>
                <individualweight>1.92</individualweight>
                <lengthresolution>3</lengthresolution>
                <length>0.63</length>
                <individualcomment></individualcomment>
                <preferredagereading>1</preferredagereading>
                <agedetermination agedeterminationid="1">
                    <age>11</age>
                    <spawningage>6</spawningage>
                    <spawningzones>5</spawningzones>
                    <readability>1</readability>
                    <otolithedge>4</otolithedge>
                </agedetermination>
            </individual>
            <individual specimenid="7">
                <individualproducttype>4</individualproducttype>
                <individualweight>2.29</individualweight>
                <lengthresolution>3</lengthresolution>
                <length>0.64</length>
                <individualcomment></individualcomment>
                <preferredagereading>1</preferredagereading>
                <agedetermination agedeterminationid="1">
                    <age>7</age>
                    <spawningage>5</spawningage>
                    <spawningzones>2</spawningzones>
                    <readability>1</readability>
                    <otolithedge>4</otolithedge>
                </agedetermination>
            </individual>
            <individual specimenid="8">
                <individualproducttype>4</individualproducttype>
                <individualweight>1.4</individualweight>
                <lengthresolution>3</lengthresolution>
                <length>0.55</length>
                <individualcomment></individualcomment>
                <preferredagereading>1</preferredagereading>
                <agedetermination agedeterminationid="1">
                    <age>5</age>
                    <readability>1</readability>
                    <otolithedge>4</otolithedge>
                </agedetermination>
            </individual>
            <individual specimenid="9">
                <individualproducttype>4</individualproducttype>
                <individualweight>2.27</individualweight>
                <lengthresolution>3</lengthresolution>
                <length>0.65</length>
                <individualcomment></individualcomment>
                <preferredagereading>1</preferredagereading>
                <agedetermination agedeterminationid="1">
                    <age>12</age>
                    <spawningage>6</spawningage>
                    <spawningzones>6</spawningzones>
                    <readability>1</readability>
                    <otolithedge>4</otolithedge>
                </agedetermination>
            </individual>
            <individual specimenid="10">
                <individualproducttype>4</individualproducttype>
                <individualweight>2.8</individualweight>
                <lengthresolution>3</lengthresolution>
                <length>0.69</length>
                <individualcomment></individualcomment>
                <preferredagereading>1</preferredagereading>
                <agedetermination agedeterminationid="1">
                    <age>12</age>
                    <spawningage>6</spawningage>
                    <spawningzones>6</spawningzones>
                    <readability>1</readability>
                    <otolithedge>4</otolithedge>
                </agedetermination>
            </individual>
            <individual specimenid="11">
                <individualproducttype>4</individualproducttype>
                <individualweight>3.18</individualweight>
                <lengthresolution>3</lengthresolution>
                <length>0.72</length>
                <individualcomment></individualcomment>
                <preferredagereading>1</preferredagereading>
                <agedetermination agedeterminationid="1">
                    <age>12</age>
                    <spawningage>6</spawningage>
                    <spawningzones>6</spawningzones>
                    <readability>1</readability>
                    <otolithedge>4</otolithedge>
                </agedetermination>
            </individual>
            <individual specimenid="12">
                <individualproducttype>4</individualproducttype>
                <individualweight>2.54</individualweight>
                <lengthresolution>3</lengthresolution>
                <length>0.66</length>
                <individualcomment></individualcomment>
                <preferredagereading>1</preferredagereading>
                <agedetermination agedeterminationid="1">
                    <age>7</age>
                    <spawningage>5</spawningage>
                    <spawningzones>2</spawningzones>
                    <readability>1</readability>
                    <otolithedge>4</otolithedge>
                </agedetermination>
            </individual>
            <individual specimenid="13">
                <individualproducttype>4</individualproducttype>
                <individualweight>2.76</individualweight>
                <lengthresolution>3</lengthresolution>
                <length>0.69</length>
                <individualcomment></individualcomment>
                <preferredagereading>1</preferredagereading>
                <agedetermination agedeterminationid="1">
                    <age>12</age>
                    <spawningage>7</spawningage>
                    <spawningzones>5</spawningzones>
                    <readability>1</readability>
                    <otolithedge>4</otolithedge>
                </agedetermination>
            </individual>
            <individual specimenid="14">
                <individualproducttype>4</individualproducttype>
                <individualweight>2.83</individualweight>
                <lengthresolution>3</lengthresolution>
                <length>0.65</length>
                <individualcomment></individualcomment>
                <preferredagereading>1</preferredagereading>
                <agedetermination agedeterminationid="1">
                    <age>9</age>
                    <spawningage>6</spawningage>
                    <spawningzones>3</spawningzones>
                    <readability>1</readability>
                    <otolithedge>4</otolithedge>
                </agedetermination>
            </individual>
            <individual specimenid="15">
                <individualproducttype>4</individualproducttype>
                <individualweight>1.6</individualweight>
                <lengthresolution>3</lengthresolution>
                <length>0.57</length>
                <individualcomment></individualcomment>
                <preferredagereading>1</preferredagereading>
                <agedetermination agedeterminationid="1">
                    <age>5</age>
                    <readability>1</readability>
                    <otolithedge>4</otolithedge>
                </agedetermination>
            </individual>
            <individual specimenid="16">
                <individualproducttype>4</individualproducttype>
                <individualweight>3.15</individualweight>
                <lengthresolution>3</lengthresolution>
                <length>0.7</length>
                <individualcomment></individualcomment>
                <preferredagereading>1</preferredagereading>
                <agedetermination agedeterminationid="1">
                    <age>8</age>
                    <spawningage>5</spawningage>
                    <spawningzones>3</spawningzones>
                    <readability>1</readability>
                    <otolithedge>4</otolithedge>
                </agedetermination>
            </individual>
            <individual specimenid="17">
                <individualproducttype>4</individualproducttype>
                <individualweight>2.86</individualweight>
                <lengthresolution>3</lengthresolution>
                <length>0.68</length>
                <individualcomment></individualcomment>
                <preferredagereading>1</preferredagereading>
                <agedetermination agedeterminationid="1">
                    <age>11</age>
                    <spawningage>7</spawningage>
                    <spawningzones>4</spawningzones>
                    <readability>1</readability>
                    <otolithedge>4</otolithedge>
                </agedetermination>
            </individual>
            <individual specimenid="18">
                <individualproducttype>4</individualproducttype>
                <individualweight>1.91</individualweight>
                <lengthresolution>3</lengthresolution>
                <length>0.61</length>
                <individualcomment></individualcomment>
                <preferredagereading>1</preferredagereading>
                <agedetermination agedeterminationid="1">
                    <age>8</age>
                    <readability>1</readability>
                    <otolithedge>4</otolithedge>
                </agedetermination>
            </individual>
            <individual specimenid="19">
                <individualproducttype>4</individualproducttype>
                <individualweight>1.27</individualweight>
                <lengthresolution>3</lengthresolution>
                <length>0.52</length>
                <individualcomment></individualcomment>
                <preferredagereading>1</preferredagereading>
                <agedetermination agedeterminationid="1">
                    <age>5</age>
                    <readability>1</readability>
                    <otolithedge>4</otolithedge>
                </agedetermination>
            </individual>
            <individual specimenid="20">
                <individualproducttype>4</individualproducttype>
                <individualweight>3.12</individualweight>
                <lengthresolution>3</lengthresolution>
                <length>0.68</length>
                <individualcomment></individualcomment>
                <preferredagereading>1</preferredagereading>
                <agedetermination agedeterminationid="1">
                    <age>8</age>
                    <spawningage>6</spawningage>
                    <spawningzones>2</spawningzones>
                    <readability>1</readability>
                    <otolithedge>4</otolithedge>
                </agedetermination>
            </individual>
            <individual specimenid="21">
                <individualproducttype>4</individualproducttype>
                <individualweight>1.73</individualweight>
                <lengthresolution>3</lengthresolution>
                <length>0.6</length>
                <individualcomment></individualcomment>
                <preferredagereading>1</preferredagereading>
                <agedetermination agedeterminationid="1">
                    <age>9</age>
                    <spawningage>6</spawningage>
                    <spawningzones>3</spawningzones>
                    <readability>1</readability>
                    <otolithedge>4</otolithedge>
                </agedetermination>
            </individual>
            <individual specimenid="22">
                <individualproducttype>4</individualproducttype>
                <individualweight>1.63</individualweight>
                <lengthresolution>3</lengthresolution>
                <length>0.58</length>
                <individualcomment></individualcomment>
                <preferredagereading>1</preferredagereading>
                <agedetermination agedeterminationid="1">
                    <age>7</age>
                    <spawningage>5</spawningage>
                    <spawningzones>2</spawningzones>
                    <readability>1</readability>
                    <otolithedge>4</otolithedge>
                </agedetermination>
            </individual>
            <individual specimenid="23">
                <individualproducttype>4</individualproducttype>
                <individualweight>3.08</individualweight>
                <lengthresolution>3</lengthresolution>
                <length>0.73</length>
                <individualcomment></individualcomment>
                <preferredagereading>1</preferredagereading>
                <agedetermination agedeterminationid="1">
                    <age>11</age>
                    <spawningage>6</spawningage>
                    <spawningzones>5</spawningzones>
                    <readability>1</readability>
                    <otolithedge>4</otolithedge>
                </agedetermination>
            </individual>
            <individual specimenid="24">
                <individualproducttype>4</individualproducttype>
                <individualweight>3.49</individualweight>
                <lengthresolution>3</lengthresolution>
                <length>0.72</length>
                <individualcomment></individualcomment>
                <preferredagereading>1</preferredagereading>
                <agedetermination agedeterminationid="1">
                    <age>11</age>
                    <spawningage>7</spawningage>
                    <spawningzones>4</spawningzones>
                    <readability>1</readability>
                    <otolithedge>4</otolithedge>
                </agedetermination>
            </individual>
            <individual specimenid="25">
                <individualproducttype>4</individualproducttype>
                <individualweight>1.64</individualweight>
                <lengthresolution>3</lengthresolution>
                <length>0.6</length>
                <individualcomment></individualcomment>
                <preferredagereading>1</preferredagereading>
                <agedetermination agedeterminationid="1">
                    <age>8</age>
                    <spawningage>6</spawningage>
                    <spawningzones>2</spawningzones>
                    <readability>1</readability>
                    <otolithedge>4</otolithedge>
                </agedetermination>
            </individual>
            <individual specimenid="26">
                <individualproducttype>4</individualproducttype>
                <individualweight>2.62</individualweight>
                <lengthresolution>3</lengthresolution>
                <length>0.67</length>
                <individualcomment></individualcomment>
                <preferredagereading>1</preferredagereading>
                <agedetermination agedeterminationid="1">
                    <age>10</age>
                    <spawningage>6</spawningage>
                    <spawningzones>4</spawningzones>
                    <readability>1</readability>
                    <otolithedge>4</otolithedge>
                </agedetermination>
            </individual>
            <individual specimenid="27">
                <individualproducttype>4</individualproducttype>
                <individualweight>2.31</individualweight>
                <lengthresolution>3</lengthresolution>
                <length>0.62</length>
                <individualcomment></individualcomment>
                <preferredagereading>1</preferredagereading>
                <agedetermination agedeterminationid="1">
                    <age>10</age>
                    <spawningage>7</spawningage>
                    <spawningzones>3</spawningzones>
                    <readability>1</readability>
                    <otolithedge>4</otolithedge>
                </agedetermination>
            </individual>
            <individual specimenid="28">
                <individualproducttype>4</individualproducttype>
                <individualweight>2.39</individualweight>
                <lengthresolution>3</lengthresolution>
                <length>0.66</length>
                <individualcomment></individualcomment>
                <preferredagereading>1</preferredagereading>
                <agedetermination agedeterminationid="1">
                    <age>11</age>
                    <spawningage>7</spawningage>
                    <spawningzones>4</spawningzones>
                    <readability>1</readability>
                    <otolithedge>4</otolithedge>
                </agedetermination>
            </individual>
            <individual specimenid="29">
                <individualproducttype>4</individualproducttype>
                <individualweight>2.45</individualweight>
                <lengthresolution>3</lengthresolution>
                <length>0.67</length>
                <individualcomment></individualcomment>
                <preferredagereading>1</preferredagereading>
                <agedetermination agedeterminationid="1">
                    <age>7</age>
                    <spawningage>7</spawningage>
                    <spawningzones>0</spawningzones>
                    <readability>1</readability>
                    <otolithedge>4</otolithedge>
                </agedetermination>
            </individual>
            <individual specimenid="30">
                <individualproducttype>4</individualproducttype>
                <individualweight>2.94</individualweight>
                <lengthresolution>3</lengthresolution>
                <length>0.68</length>
                <individualcomment></individualcomment>
                <preferredagereading>1</preferredagereading>
                <agedetermination agedeterminationid="1">
                    <age>11</age>
                    <spawningage>6</spawningage>
                    <spawningzones>5</spawningzones>
                    <readability>1</readability>
                    <otolithedge>4</otolithedge>
                </agedetermination>
            </individual>
        </catchsample>
        <catchsample catchsampleid="6">
            <commonname>lange</commonname>
            <catchcategory>164760</catchcategory>
            <catchpartnumber>1</catchpartnumber>
            <aphia>126461</aphia>
            <group>26</group>
            <conservation>1</conservation>
            <catchproducttype>3</catchproducttype>
            <catchweight>1.0</catchweight>
        </catchsample>
        <catchsample catchsampleid="7">
            <commonname>kveite</commonname>
            <catchcategory>172933</catchcategory>
            <catchpartnumber>1</catchpartnumber>
            <aphia>127138</aphia>
            <group>26</group>
            <conservation>1</conservation>
            <catchproducttype>3</catchproducttype>
            <catchweight>13.0</catchweight>
        </catchsample>
    </fishstation>
</mission>
