{
 
    "Stratum_PSU": {
        "$schema": "https://json-schema.org/draft/2020-12/schema",
        "type": "array",
        "items": [ 
            {
                "type": "object",
                "properties": {
                    "Stratum": { "type": [ "string", "null" ] },
                    "PSU": { "type": [ "string", "null" ] }
                },
                "required": [
                    "Stratum",
                    "PSU"
                ]
            }
        ]
    },
    "EDSU_PSU": {
        "$schema": "https://json-schema.org/draft/2020-12/schema",
        "type": "array",
        "items": [ 
            {
                "type": "object",
                "properties": {
                    "EDSU": { "type": [ "string", "null" ] },
                    "PSU": { "type": [ "string", "null" ] }
                },
                "required": [
                    "EDSU",
                    "PSU"
                ]
            }
        ]
    },
    "PSUByTime": {
        "$schema": "https://json-schema.org/draft/2020-12/schema",
        "type": "array",
        "items": [ 
            {
                "type": "object",
                "properties": {
                    "Stratum": { "type": [ "string", "null" ] },
    		        "PSU": { "type": [ "string", "null" ] },
    		        "Cruise": { "type": [ "string", "null" ] },
    		        "StartDateTime": { "type": [ "string", "null" ] },
    		        "StopDateTime": { "type": [ "string", "null" ] }
                },
                "required": [
                    "Stratum",
    		        "PSU",
    		        "Cruise",
    		        "StartDateTime",
    		        "StopDateTime"
                ]
            }
        ]
    },
    
    "Station_PSU": {
        "$schema": "https://json-schema.org/draft/2020-12/schema",
        "type": "array",
        "items": [ 
            {
                "type": "object",
                "properties": {
                    "Station": { "type": [ "string", "null" ] },
                    "PSU": { "type": [ "string", "null" ] }
                },
                "required": [
                    "Station",
                    "PSU"
                ]
            }
        ]
    },
        
    "BioticLayer": {
		"$schema": "https://json-schema.org/draft/2020-12/schema",
		"type": "array",
		"items": [
			{
				"type": "object",
				"properties": {
				    "Layer": { "type": [ "string", "null" ] }, 
                    "MinLayerDepth": { "type": [ "number", "null" ] }, 
                    "MaxLayerDepth": { "type": [ "number", "null" ] }
				},
				"required": [
					"Layer",
					"MinLayerDepth",
					"MaxLayerDepth"
				]
			}
		]
	}, 

    "AcousticLayer": {
		"$schema": "https://json-schema.org/draft/2020-12/schema",
		"type": "array",
		"items": [
			{
				"type": "object",
				"properties": {
				    "Layer": { "type": [ "string", "null" ] }, 
                    "MinLayerDepth": { "type": [ "number", "null" ] }, 
                    "MaxLayerDepth": { "type": [ "number", "null" ] }
				},
				"required": [
					"Layer",
					"MinLayerDepth",
					"MaxLayerDepth"
				]
			}
		]
	}, 

    "BioticAssignment": {
		"$schema": "https://json-schema.org/draft/2020-12/schema",
		"type": "array",
		"items": [
			{
				"type": "object",
				"properties": {
					"Stratum": { "type": [ "string", "null" ] },
					"PSU": { "type": [ "string", "null" ] },
					"Layer": { "type": [ "string", "null" ] },
					"Haul": { "type": [ "string", "null" ] },
					"WeightingFactor": { "type": [ "number", "null" ] }
				},
				"required": [
					"Stratum",
					"PSU",
					"Layer",
					"Haul",
					"WeightingFactor"
				]
			}
		]
	}, 

	"Survey": {
		"$schema": "https://json-schema.org/draft/2020-12/schema",
		"type": "array",
		"items": [
			{
				"type": "object",
				"properties": {
					"Stratum": { "type": [ "string", "null" ] },
					"Survey": { "type": [ "string", "null" ] }
				},
				"required": [
					"Stratum",
					"Survey"
				]
			}
		]
	}, 
	
    "AcousticTargetStrengthModel": {
        "$schema": "https://json-schema.org/draft/2020-12/schema",
        "type": "array",
        "items": [ 
            {
                "type": "object",
                "properties": {
                    "AcousticTargetStrengthModel": { "type": [ "string", "null" ] }
                },
                "required": [
                    "AcousticTargetStrengthModel"
                ]
            }
        ]
    },
    "AcousticTargetStrengthTable": {
        "$schema": "https://json-schema.org/draft/2020-12/schema",
        "type": "array",
        "items": [ 
            {
                "type": "object",
                "properties": {
                    "AcousticCategory": { "type": [ "string", "null" ] }, 
                    "Frequency": { "type": [ "number", "null" ] },
                    "TargetStrength0": { "type": [ "number", "null" ] },
                    "LengthExponent": { "type": [ "number", "null" ] },
                    "DepthExponent": { "type": [ "number", "null" ] },
                    "TargetStrength": { "type": [ "number", "null" ] },
                    "TotalLength": { "type": [ "number", "null" ] }
                },
                "required": [
                    "AcousticCategory",
                    "Frequency"
                ]
            }
        ]
    }, 

    "RegressionModel": {
        "$schema": "https://json-schema.org/draft/2020-12/schema",
        "type": "array",
        "items": [ 
            {
                "type": "object",
                "properties": {
                    "RegressionModel": { "type": [ "string", "null" ] }
                },
                "required": [
                    "RegressionModel"
                ]
            }
        ]
    },
    "RegressionTable": {
        "$schema": "https://json-schema.org/draft/2020-12/schema",
        "type": "array",
        "items": [ 
            {
                "type": "object",
                "properties": {
                    "DependentVariable": { "type": [ "string", "null" ] }, 
                    "DependentResolutionVariable": { "type": [ "string", "null" ] }, 
                    "IndependentVariable": { "type": [ "string", "null" ] },
                    "IndependentResolutionVariable": { "type": [ "string", "null" ] },
                    "Intercept": { "type": [ "number", "null" ] },
                    "Slope": { "type": [ "number", "null" ] },
                    "Factor": { "type": [ "number", "null" ] },
                    "Exponent": { "type": [ "number", "null" ] }, 
                    "ResidualStandardError": { "type": [ "number", "null" ] },
                    "EstimationMethod": { "type": [ "string", "null" ] }
                },
                "required": [
                    "DependentVariable",
                    "IndependentVariable"
                ]
            }
        ]
    }, 
    
    "AcousticPSU": {
        "$schema": "https://json-schema.org/draft/2020-12/schema",
        "type": "object",
        "properties": {
            "Stratum_PSU": {
              "$ref": "#/Stratum_PSU"
            },
            "EDSU_PSU": {
              "$ref": "#/EDSU_PSU"
            },
            "PSUByTime": {
              "$ref": "#/PSUByTime"
            }
        },
        "required": [
            "Stratum_PSU",
            "EDSU_PSU",
            "PSUByTime"
        ]
    }, 
   
    "BioticPSU": {
        "$schema": "https://json-schema.org/draft/2020-12/schema",
        "type": "object",
        "properties": {
            "Stratum_PSU": {
              "$ref": "#/Stratum_PSU"
            },
            "EDSU_PSU": {
              "$ref": "#/EDSU_PSU"
            }
        },
        "required": [
            "Stratum_PSU",
            "Station_PSU"
        ]
    }, 	
    
    "AcousticTargetStrength": {
        "$schema": "https://json-schema.org/draft/2020-12/schema",
        "type": "object",
        "properties": {
            "AcousticTargetStrengthModel": {
              "$ref": "#/AcousticTargetStrengthModel"
            },
            "AcousticTargetStrengthTable": {
              "$ref": "#/AcousticTargetStrengthTable"
            }
        },
        "required": [
            "AcousticTargetStrengthModel",
            "AcousticTargetStrengthTable"
        ]
    },  	
    
    "Regression": {
        "$schema": "https://json-schema.org/draft/2020-12/schema",
        "type": "object",
        "properties": {
            "RegressionModel": {
              "$ref": "#/RegressionModel"
            },
            "RegressionTable": {
              "$ref": "#/RegressionTable"
            }
        },
        "required": [
            "RegressionModel",
            "RegressionTable"
        ]
    }, 
    
    "StratumPolygon": {
		"$schema": "https://json-schema.org/draft/2020-12/schema",
		"$id": "https://geojson.org/schema/FeatureCollection.json",
		"title": "GeoJSON FeatureCollection",
		"type": "object",
		"required": [
			"type",
			"features"
		],
		"properties": {
			"type": {
				"type": "string",
				"enum": [
					"FeatureCollection"
				]
			},
			"features": {
				"type": "array",
				"items": {
					"title": "GeoJSON Feature",
					"type": "object",
					"required": [
						"type",
						"properties",
						"geometry"
					],
					"properties": {
						"type": {
							"type": "string",
							"enum": [
								"Feature"
							]
						},
						"properties": {
							"oneOf": [
								{
									"type": "null"
								},
								{
									"type": "object"
								}
							]
						},
						"geometry": {
							"oneOf": [
								{
									"type": "null"
								},
								{
									"title": "GeoJSON Polygon",
									"type": "object",
									"required": [
										"type",
										"coordinates"
									],
									"properties": {
										"type": {
											"type": "string",
											"enum": [
												"Polygon"
											]
										},
										"coordinates": {
											"type": "array",
											"items": {
												"type": "array",
												"minItems": 4,
												"items": {
													"type": "array",
													"minItems": 2,
													"items": {
														"type": "number"
													}
												}
											}
										},
										"bbox": {
											"type": "array",
											"minItems": 4,
											"items": {
												"type": "number"
											}
										}
									}
								},
								{
									"title": "GeoJSON MultiPolygon",
									"type": "object",
									"required": [
										"type",
										"coordinates"
									],
									"properties": {
										"type": {
											"type": "string",
											"enum": [
												"MultiPolygon"
											]
										},
										"coordinates": {
											"type": "array",
											"items": {
												"type": "array",
												"items": {
													"type": "array",
													"minItems": 4,
													"items": {
														"type": "array",
														"minItems": 2,
														"items": {
															"type": "number"
														}
													}
												}
											}
										},
										"bbox": {
											"type": "array",
											"minItems": 4,
											"items": {
												"type": "number"
											}
										}
									}
								},
								{
									"title": "GeoJSON GeometryCollection",
									"type": "object",
									"required": [
										"type",
										"geometries"
									],
									"properties": {
										"type": {
											"type": "string",
											"enum": [
												"GeometryCollection"
											]
										},
										"geometries": {
											"type": "array",
											"items": {
												"oneOf": [
													{
														"title": "GeoJSON Polygon",
														"type": "object",
														"required": [
															"type",
															"coordinates"
														],
														"properties": {
															"type": {
																"type": "string",
																"enum": [
																	"Polygon"
																]
															},
															"coordinates": {
																"type": "array",
																"items": {
																	"type": "array",
																	"minItems": 4,
																	"items": {
																		"type": "array",
																		"minItems": 2,
																		"items": {
																			"type": "number"
																		}
																	}
																}
															},
															"bbox": {
																"type": "array",
																"minItems": 4,
																"items": {
																	"type": "number"
																}
															}
														}
													},
													{
														"title": "GeoJSON MultiPolygon",
														"type": "object",
														"required": [
															"type",
															"coordinates"
														],
														"properties": {
															"type": {
																"type": "string",
																"enum": [
																	"MultiPolygon"
																]
															},
															"coordinates": {
																"type": "array",
																"items": {
																	"type": "array",
																	"items": {
																		"type": "array",
																		"minItems": 4,
																		"items": {
																			"type": "array",
																			"minItems": 2,
																			"items": {
																				"type": "number"
																			}
																		}
																	}
																}
															},
															"bbox": {
																"type": "array",
																"minItems": 4,
																"items": {
																	"type": "number"
																}
															}
														}
													}
												]
											}
										},
										"bbox": {
											"type": "array",
											"minItems": 4,
											"items": {
												"type": "number"
											}
										}
									}
								}
							]
						},
						"bbox": {
							"type": "array",
							"minItems": 4,
							"items": {
								"type": "number"
							}
						}
					}
				}
			},
			"bbox": {
				"type": "array",
				"minItems": 4,
				"items": {
					"type": "number"
				}
			}
		}
    }
    
}
