﻿<?xml version="1.0" encoding="utf-8"?>
<Biotic>
  <Vocabulary>
    <Survey>
      <Code ID="AC_Survey_CSHAS" CodeType="https://acoustic.ices.dk/Services/Schema/XML/AC_Survey.xml">CSHAS</Code>
      <Code ID="AC_Survey_HERAS" CodeType="https://acoustic.ices.dk/Services/Schema/XML/AC_Survey.xml">HERAS</Code>
    </Survey>
    <Country>
      <Code ID="ISO_3166_IE" CodeType="https://acoustic.ices.dk/Services/Schema/XML/ISO_3166.xml">IE</Code>
    </Country>
    <Platform>
      <Code ID="SHIPC_45CE" CodeType="https://acoustic.ices.dk/Services/Schema/XML/SHIPC.xml">45CE</Code>
    </Platform>
    <Organisation>
      <Code ID="EDMO_396" CodeType="https://acoustic.ices.dk/Services/Schema/XML/EDMO.xml">396</Code>
    </Organisation>
    <Gear>
      <Code ID="Gear_PEL" CodeType="https://acoustic.ices.dk/Services/Schema/XML/Gear.xml">PEL</Code>
    </Gear>
    <HaulValidity>
      <Code ID="AC_HaulValidity_V" CodeType="https://acoustic.ices.dk/Services/Schema/XML/AC_HaulValidity.xml">V</Code>
    </HaulValidity>
    <StatisticalRectangle>
      <Code ID="StatRec_42F4" CodeType="https://acoustic.ices.dk/Services/Schema/XML/StatRec.xml">42F4</Code>
    </StatisticalRectangle>
    <GearExceptions>
      <Code ID="AC_GearExceptions_B" CodeType="https://acoustic.ices.dk/Services/Schema/XML/AC_GearExceptions.xml">B</Code>
    </GearExceptions>
    <DoorType>
      <Code ID="AC_DoorType_R" CodeType="https://acoustic.ices.dk/Services/Schema/XML/AC_DoorType.xml">R</Code>
    </DoorType>
    <DataType>
      <Code ID="AC_CatchDataType_R" CodeType="https://acoustic.ices.dk/Services/Schema/XML/AC_CatchDataType.xml">R</Code>
    </DataType>
    <SpeciesCode>
      <Code ID="SpecWoRMS_126417" CodeType="https://acoustic.ices.dk/Services/Schema/XML/SpecWoRMS.xml">126417</Code>
      <Code ID="SpecWoRMS_126436" CodeType="https://acoustic.ices.dk/Services/Schema/XML/SpecWoRMS.xml">126436</Code>
    </SpeciesCode>
    <SpeciesValidity>
      <Code ID="AC_SpeciesValidity_1" CodeType="https://acoustic.ices.dk/Services/Schema/XML/AC_SpeciesValidity.xml">1</Code>
    </SpeciesValidity>
    <WeightUnit>
      <Code ID="AC_WeightUnit_kg" CodeType="https://acoustic.ices.dk/Services/Schema/XML/AC_WeightUnit.xml">kg</Code>
      <Code ID="AC_WeightUnit_gr" CodeType="https://acoustic.ices.dk/Services/Schema/XML/AC_WeightUnit.xml">gr</Code>
    </WeightUnit>
    <LengthCode>
      <Code ID="AC_LengthCode_halfcm" CodeType="https://acoustic.ices.dk/Services/Schema/XML/AC_LengthCode.xml">halfcm</Code>
    </LengthCode>
    <LengthType>
      <Code ID="AC_LengthMeasurementType_1" CodeType="https://acoustic.ices.dk/Services/Schema/XML/AC_LengthMeasurementType.xml">1</Code>
    </LengthType>
    <StockCode>
      <Code ID="ICES_StockCode_her-47d3" CodeType="https://acoustic.ices.dk/Services/Schema/XML/ICES_StockCode.xml">her-47d3</Code>
    </StockCode>
    <Sex>
      <Code ID="AC_Sex_F" CodeType="https://acoustic.ices.dk/Services/Schema/XML/AC_Sex.xml">F</Code>
      <Code ID="AC_Sex_M" CodeType="https://acoustic.ices.dk/Services/Schema/XML/AC_Sex.xml">M</Code>
    </Sex>
    <Maturity>
      <Code ID="AC_MaturityCode_64" CodeType="https://acoustic.ices.dk/Services/Schema/XML/AC_MaturityCode.xml">64</Code>
      <Code ID="AC_MaturityCode_65" CodeType="https://acoustic.ices.dk/Services/Schema/XML/AC_MaturityCode.xml">65</Code>
      <Code ID="AC_MaturityCode_63" CodeType="https://acoustic.ices.dk/Services/Schema/XML/AC_MaturityCode.xml">63</Code>
    </Maturity>
    <MaturityScale>
      <Code ID="AC_MaturityScale_M6" CodeType="https://acoustic.ices.dk/Services/Schema/XML/AC_MaturityScale.xml">M6</Code>
    </MaturityScale>
    <AgeSource>
      <Code ID="AC_AgeSource_Scale" CodeType="https://acoustic.ices.dk/Services/Schema/XML/AC_AgeSource.xml">Scale</Code>
    </AgeSource>
    <SamplingFlag>
      <Code ID="AC_SamplingFlag_no" CodeType="https://acoustic.ices.dk/Services/Schema/XML/AC_SamplingFlag.xml">no</Code>
      <Code ID="AC_SamplingFlag_yes" CodeType="https://acoustic.ices.dk/Services/Schema/XML/AC_SamplingFlag.xml">yes</Code>
      <Code ID="AC_SamplingFlag_NA" CodeType="https://acoustic.ices.dk/Services/Schema/XML/AC_SamplingFlag.xml">NA</Code>
    </SamplingFlag>
    <AgePlusGroup>
      <Code ID="AC_AgePlusGroup_plusgroup" CodeType="https://acoustic.ices.dk/Services/Schema/XML/AC_AgePlusGroup.xml">plusgroup</Code>
    </AgePlusGroup>
  </Vocabulary>
  <Cruise>
    <Survey>
      <Code IDREF="AC_Survey_CSHAS" />
      <Code IDREF="AC_Survey_HERAS" />
    </Survey>
    <Country IDREF="ISO_3166_IE" />
    <Platform IDREF="SHIPC_45CE" />
    <StartDate>2016-02-27</StartDate>
    <EndDate>2016-03-22</EndDate>
    <Organisation IDREF="EDMO_396" />
    <LocalID>45CE201605</LocalID>
    <Haul>
      <Gear IDREF="Gear_PEL" />
      <Number>1</Number>
      <StationName>183</StationName>
      <StartTime>2016-03-04T14:55</StartTime>
      <Duration>30</Duration>
      <Validity IDREF="AC_HaulValidity_V" />
      <StartLatitude>56.7768</StartLatitude>
      <StartLongitude>-0.4754</StartLongitude>
      <StopLatitude>56.81</StopLatitude>
      <StopLongitude>-0.4730</StopLongitude>
      <StatisticalRectangle IDREF="StatRec_42F4" />
      <MinTrawlDepth>25</MinTrawlDepth>
      <MaxTrawlDepth>75</MaxTrawlDepth>
      <BottomDepth>150</BottomDepth>
      <Distance>3670</Distance>
      <Netopening>3.5</Netopening>
      <CodendMesh>22</CodendMesh>
      <SweepLength>75</SweepLength>
      <GearExceptions IDREF="AC_GearExceptions_B" />
      <DoorType IDREF="AC_DoorType_R" />
      <WarpLength>80</WarpLength>
      <WarpDiameter>20</WarpDiameter>
      <WarpDensity>75</WarpDensity>
      <DoorSurface>1.4</DoorSurface>
      <DoorWeight>780</DoorWeight>
      <DoorSpread>15</DoorSpread>
      <WingSpread>25</WingSpread>
      <Buoyancy>350</Buoyancy>
      <KiteArea>4</KiteArea>
      <GroundRopeWeight>450</GroundRopeWeight>
      <Rigging>10</Rigging>
      <Tickler>12</Tickler>
      <HydrographicStationID>204578902</HydrographicStationID>
      <TowDirection>184</TowDirection>
      <SpeedGround>4</SpeedGround>
      <SpeedWater>5</SpeedWater>
      <WindDirection>340</WindDirection>
      <WindSpeed>4</WindSpeed>
      <SwellDirection>240</SwellDirection>
      <SwellHeight>0.6</SwellHeight>
      <LogDistance>14500</LogDistance>
      <Catch>
        <DataType IDREF="AC_CatchDataType_R" />
        <SpeciesCode IDREF="SpecWoRMS_126417" />
        <SpeciesValidity IDREF="AC_SpeciesValidity_1" />
        <SpeciesCategory>1</SpeciesCategory>
        <SpeciesCategoryNumber>7000</SpeciesCategoryNumber>
        <WeightUnit IDREF="AC_WeightUnit_kg" />
        <SpeciesCategoryWeight>595</SpeciesCategoryWeight>
        <SubsampledNumber>4</SubsampledNumber>
        <SubsamplingFactor>1750</SubsamplingFactor>
        <SubsampleWeight>0.34</SubsampleWeight>
        <LengthCode IDREF="AC_LengthCode_halfcm" />
        <LengthClass>215</LengthClass>
        <LengthType IDREF="AC_LengthMeasurementType_1" />
        <NumberAtLength>1</NumberAtLength>
        <Biology>
          <StockCode IDREF="ICES_StockCode_her-47d3" />
          <FishID>1</FishID>
          <LengthCode IDREF="AC_LengthCode_halfcm" />
          <LengthClass>215</LengthClass>
          <WeightUnit IDREF="AC_WeightUnit_gr" />
          <IndividualWeight>55</IndividualWeight>
          <IndividualSex IDREF="AC_Sex_F" />
          <IndividualMaturity IDREF="AC_MaturityCode_64" />
          <MaturityScale IDREF="AC_MaturityScale_M6" />
          <IndividualAge>5</IndividualAge>
          <AgeSource IDREF="AC_AgeSource_Scale" />
          <GeneticSamplingFlag IDREF="AC_SamplingFlag_no" />
          <StomachSamplingFlag IDREF="AC_SamplingFlag_yes" />
          <ParasiteSamplingFlag IDREF="AC_SamplingFlag_NA" />
          <IndividualVertebraeCount>143</IndividualVertebraeCount>
        </Biology>
      </Catch>
      <Catch>
        <DataType IDREF="AC_CatchDataType_R" />
        <SpeciesCode IDREF="SpecWoRMS_126417" />
        <SpeciesValidity IDREF="AC_SpeciesValidity_1" />
        <SpeciesCategory>1</SpeciesCategory>
        <SpeciesCategoryNumber>7000</SpeciesCategoryNumber>
        <WeightUnit IDREF="AC_WeightUnit_kg" />
        <SpeciesCategoryWeight>595</SpeciesCategoryWeight>
        <SubsampledNumber>4</SubsampledNumber>
        <SubsamplingFactor>1750</SubsamplingFactor>
        <SubsampleWeight>0.34</SubsampleWeight>
        <LengthCode IDREF="AC_LengthCode_halfcm" />
        <LengthClass>220</LengthClass>
        <LengthType IDREF="AC_LengthMeasurementType_1" />
        <NumberAtLength>1</NumberAtLength>
        <Biology>
          <StockCode IDREF="ICES_StockCode_her-47d3" />
          <FishID>2</FishID>
          <LengthCode IDREF="AC_LengthCode_halfcm" />
          <LengthClass>220</LengthClass>
          <WeightUnit IDREF="AC_WeightUnit_gr" />
          <IndividualWeight>65</IndividualWeight>
          <IndividualSex IDREF="AC_Sex_F" />
          <IndividualMaturity IDREF="AC_MaturityCode_65" />
          <MaturityScale IDREF="AC_MaturityScale_M6" />
          <IndividualAge>7</IndividualAge>
          <AgePlusGroup IDREF="AC_AgePlusGroup_plusgroup" />
          <AgeSource IDREF="AC_AgeSource_Scale" />
          <GeneticSamplingFlag IDREF="AC_SamplingFlag_no" />
          <StomachSamplingFlag IDREF="AC_SamplingFlag_yes" />
          <ParasiteSamplingFlag IDREF="AC_SamplingFlag_NA" />
          <IndividualVertebraeCount>143</IndividualVertebraeCount>
        </Biology>
      </Catch>
      <Catch>
        <DataType IDREF="AC_CatchDataType_R" />
        <SpeciesCode IDREF="SpecWoRMS_126417" />
        <SpeciesValidity IDREF="AC_SpeciesValidity_1" />
        <SpeciesCategory>1</SpeciesCategory>
        <SpeciesCategoryNumber>7000</SpeciesCategoryNumber>
        <WeightUnit IDREF="AC_WeightUnit_kg" />
        <SpeciesCategoryWeight>595</SpeciesCategoryWeight>
        <SubsampledNumber>4</SubsampledNumber>
        <SubsamplingFactor>1750</SubsamplingFactor>
        <SubsampleWeight>0.34</SubsampleWeight>
        <LengthCode IDREF="AC_LengthCode_halfcm" />
        <LengthClass>225</LengthClass>
        <LengthType IDREF="AC_LengthMeasurementType_1" />
        <NumberAtLength>2</NumberAtLength>
        <WeightAtLength>0.22</WeightAtLength>
        <Biology>
          <StockCode IDREF="ICES_StockCode_her-47d3" />
          <FishID>3</FishID>
          <LengthCode IDREF="AC_LengthCode_halfcm" />
          <LengthClass>225</LengthClass>
          <WeightUnit IDREF="AC_WeightUnit_gr" />
          <IndividualWeight>115</IndividualWeight>
          <IndividualSex IDREF="AC_Sex_F" />
          <IndividualMaturity IDREF="AC_MaturityCode_65" />
          <MaturityScale IDREF="AC_MaturityScale_M6" />
          <IndividualAge>7</IndividualAge>
          <AgePlusGroup IDREF="AC_AgePlusGroup_plusgroup" />
          <AgeSource IDREF="AC_AgeSource_Scale" />
          <GeneticSamplingFlag IDREF="AC_SamplingFlag_no" />
          <StomachSamplingFlag IDREF="AC_SamplingFlag_yes" />
          <ParasiteSamplingFlag IDREF="AC_SamplingFlag_NA" />
          <IndividualVertebraeCount>143</IndividualVertebraeCount>
        </Biology>
        <Biology>
          <StockCode IDREF="ICES_StockCode_her-47d3" />
          <FishID>4</FishID>
          <LengthCode IDREF="AC_LengthCode_halfcm" />
          <LengthClass>225</LengthClass>
          <WeightUnit IDREF="AC_WeightUnit_gr" />
          <IndividualWeight>105</IndividualWeight>
          <IndividualSex IDREF="AC_Sex_M" />
          <IndividualMaturity IDREF="AC_MaturityCode_63" />
          <MaturityScale IDREF="AC_MaturityScale_M6" />
          <IndividualAge>3</IndividualAge>
          <AgeSource IDREF="AC_AgeSource_Scale" />
          <GeneticSamplingFlag IDREF="AC_SamplingFlag_no" />
          <StomachSamplingFlag IDREF="AC_SamplingFlag_no" />
          <ParasiteSamplingFlag IDREF="AC_SamplingFlag_NA" />
          <IndividualVertebraeCount>143</IndividualVertebraeCount>
        </Biology>
      </Catch>
      <Catch>
        <DataType IDREF="AC_CatchDataType_R" />
        <SpeciesCode IDREF="SpecWoRMS_126436" />
        <SpeciesValidity IDREF="AC_SpeciesValidity_1" />
        <SpeciesCategory>1</SpeciesCategory>
        <SpeciesCategoryNumber>25</SpeciesCategoryNumber>
        <WeightUnit IDREF="AC_WeightUnit_kg" />
        <SpeciesCategoryWeight>4.7</SpeciesCategoryWeight>
        <SubsampleWeight>4.7</SubsampleWeight>
      </Catch>
    </Haul>
  </Cruise>
</Biotic>